cell, t, row, column, v_row, v_column, region
1,0,154,1000,0,0,1
1,1,156,996,2,-4,1
1,2,150,1005,-6,9,1
1,3,147,1007,-3,2,1
1,4,154,1004,7,-3,1
1,5,154,999,0,-5,1
1,6,154,999,0,0,1
1,7,154,999,0,0,1
1,8,147,1001,-7,2,1
1,9,142,1008,-5,7,1
1,10,136,1009,-6,1,1
1,11,124,1009,-12,0,1
1,12,131,1010,7,1,1
1,13,130,1009,-1,-1,1
1,14,122,1009,-8,0,1
1,15,122,1010,0,1,1
1,16,119,1013,-3,3,1
1,17,112,1009,-7,-4,1
1,18,111,1008,-1,-1,1
1,19,104,1010,-7,2,1
1,20,103,1016,-1,6,1
1,21,106,1016,3,0,1
1,22,98,1020,-8,4,1
1,23,89,1017,-9,-3,1
1,24,86,1021,-3,4,1
2,0,162,966,0,0,1
2,1,132,964,-30,-2,1
2,2,145,973,13,9,1
2,3,148,971,3,-2,1
2,4,148,971,0,0,1
2,5,151,974,3,3,1
2,6,151,974,0,0,1
2,7,153,966,2,-8,1
2,8,153,966,0,0,1
2,9,159,975,6,9,1
2,10,159,975,0,0,1
2,11,166,981,7,6,1
2,12,166,981,0,0,1
2,13,151,995,-15,14,1
2,14,148,992,-3,-3,1
2,15,144,985,-4,-7,1
2,16,140,979,-4,-6,1
2,17,133,977,-7,-2,1
2,18,128,984,-5,7,1
2,19,115,988,-13,4,1
2,20,116,990,1,2,1
2,21,104,997,-12,7,1
2,22,101,997,-3,0,1
2,23,97,992,-4,-5,1
2,24,91,992,-6,0,1
2,25,78,993,-13,1,1
2,26,77,995,-1,2,1
2,27,80,1000,3,5,1
2,28,100,991,20,-9,1
2,29,99,994,-1,3,1
2,30,97,1001,-2,7,1
2,31,97,1005,0,4,1
2,32,99,1009,2,4,1
2,33,111,1013,12,4,1
2,34,113,1011,2,-2,1
2,35,111,1015,-2,4,1
2,36,117,1017,6,2,1
2,37,115,1016,-2,-1,1
2,38,117,1016,2,0,1
2,39,117,1017,0,1,1
2,40,117,1017,0,0,1
2,41,115,1016,-2,-1,1
2,42,108,1016,-7,0,1
2,43,111,1015,3,-1,1
2,44,111,1017,0,2,1
2,45,111,1013,0,-4,1
2,46,109,999,-2,-14,1
2,47,119,993,10,-6,1
2,48,119,988,0,-5,1
2,49,113,990,-6,2,1
2,50,114,991,1,1,1
2,51,119,991,5,0,1
2,52,121,990,2,-1,1
2,53,116,985,-5,-5,1
2,54,98,986,-18,1,1
2,55,93,985,-5,-1,1
2,56,88,989,-5,4,1
2,57,83,990,-5,1,1
2,58,83,985,0,-5,1
2,59,87,974,4,-11,1
2,60,100,977,13,3,1
2,61,104,976,4,-1,1
2,62,110,972,6,-4,1
2,63,108,970,-2,-2,1
2,64,108,974,0,4,1
2,65,104,980,-4,6,1
2,66,109,980,5,0,1
2,67,116,980,7,0,1
2,68,117,974,1,-6,1
2,69,118,974,1,0,1
2,70,118,974,0,0,1
2,71,118,974,0,0,1
2,72,113,976,-5,2,1
2,73,121,973,8,-3,1
2,74,152,943,31,-30,1
2,75,177,925,25,-18,1
2,76,201,899,24,-26,1
2,77,204,883,3,-16,1
2,78,198,885,-6,2,1
2,79,208,884,10,-1,1
2,80,201,883,-7,-1,1
2,81,202,883,1,0,1
2,82,205,882,3,-1,1
2,83,202,882,-3,0,1
2,84,203,890,1,8,1
2,85,200,903,-3,13,1
2,86,199,906,-1,3,1
2,87,190,909,-9,3,1
2,88,193,909,3,0,1
2,89,198,906,5,-3,1
2,90,208,901,10,-5,1
2,91,219,894,11,-7,1
2,92,219,893,0,-1,1
2,93,222,893,3,0,1
2,94,227,904,5,11,1
2,95,233,911,6,7,1
2,96,230,912,-3,1,1
2,97,236,910,6,-2,1
2,98,237,907,1,-3,1
2,99,235,907,-2,0,1
2,100,241,905,6,-2,1
2,101,241,905,0,0,1
2,102,245,903,4,-2,1
2,103,239,908,-6,5,1
2,104,238,908,-1,0,1
2,105,239,907,1,-1,1
2,106,243,916,4,9,1
2,107,240,921,-3,5,1
2,108,240,925,0,4,1
2,109,243,927,3,2,1
2,110,240,928,-3,1,1
2,111,254,920,14,-8,1
2,112,249,922,-5,2,1
2,113,249,926,0,4,1
2,114,252,926,3,0,1
2,115,243,925,-9,-1,1
2,116,260,909,17,-16,1
2,117,275,913,15,4,1
3,0,444,979,0,0,1
3,1,443,979,-1,0,1
3,2,442,979,-1,0,1
3,3,438,982,-4,3,1
3,4,436,984,-2,2,1
3,5,444,985,8,1,1
3,6,450,992,6,7,1
3,7,460,992,10,0,1
3,8,459,978,-1,-14,1
3,9,461,983,2,5,1
3,10,462,979,1,-4,1
3,11,466,982,4,3,1
3,12,464,984,-2,2,1
3,13,466,986,2,2,1
3,14,467,983,1,-3,1
3,15,467,986,0,3,1
3,16,468,984,1,-2,1
3,17,465,986,-3,2,1
3,18,471,981,6,-5,1
3,19,473,981,2,0,1
3,20,475,979,2,-2,1
3,21,478,976,3,-3,1
3,22,479,976,1,0,1
3,23,481,976,2,0,1
3,24,493,959,12,-17,1
3,25,509,950,16,-9,1
4,0,338,962,0,0,1
4,1,342,959,4,-3,1
4,2,342,963,0,4,1
4,3,331,967,-11,4,1
4,4,337,964,6,-3,1
4,5,336,962,-1,-2,1
4,6,342,964,6,2,1
4,7,354,967,12,3,1
4,8,362,966,8,-1,1
4,9,355,969,-7,3,1
4,10,347,967,-8,-2,1
4,11,339,983,-8,16,1
4,12,348,996,9,13,1
4,13,350,990,2,-6,1
4,14,349,986,-1,-4,1
4,15,345,986,-4,0,1
4,16,333,983,-12,-3,1
4,17,307,992,-26,9,1
4,18,316,1003,9,11,1
4,19,325,1015,9,12,1
4,20,323,1019,-2,4,1
4,21,303,1017,-20,-2,1
4,22,276,1017,-27,0,1
4,23,264,1014,-12,-3,1
4,24,271,1018,7,4,1
4,25,276,1020,5,2,1
4,26,284,1020,8,0,1
5,0,377,919,0,0,1
5,1,378,922,1,3,1
5,2,376,922,-2,0,1
5,3,380,922,4,0,1
5,4,383,919,3,-3,1
5,5,380,916,-3,-3,1
5,6,383,910,3,-6,1
5,7,391,894,8,-16,1
5,8,393,883,2,-11,1
5,9,404,886,11,3,1
5,10,424,892,20,6,1
5,11,422,897,-2,5,1
5,12,428,896,6,-1,1
5,13,439,888,11,-8,1
5,14,450,877,11,-11,1
5,15,464,875,14,-2,1
5,16,468,865,4,-10,1
5,17,477,867,9,2,1
5,18,482,865,5,-2,1
5,19,482,864,0,-1,1
5,20,489,861,7,-3,1
5,21,489,861,0,0,1
5,22,491,859,2,-2,1
5,23,494,857,3,-2,1
5,24,498,855,4,-2,1
5,25,499,858,1,3,1
5,26,502,864,3,6,1
5,27,502,869,0,5,1
5,28,506,863,4,-6,1
5,29,503,853,-3,-10,1
5,30,506,850,3,-3,1
5,31,510,852,4,2,1
5,32,503,857,-7,5,1
5,33,495,883,-8,26,1
5,34,500,883,5,0,1
5,35,503,876,3,-7,1
5,36,496,873,-7,-3,1
5,37,503,877,7,4,1
5,38,503,881,0,4,1
5,39,505,879,2,-2,1
5,40,505,880,0,1,1
5,41,503,879,-2,-1,1
5,42,497,869,-6,-10,1
5,43,496,857,-1,-12,1
5,44,496,852,0,-5,1
5,45,496,843,0,-9,1
5,46,501,846,5,3,1
5,47,502,847,1,1,1
5,48,502,846,0,-1,1
5,49,503,836,1,-10,1
5,50,488,843,-15,7,1
5,51,488,851,0,8,1
5,52,490,844,2,-7,1
5,53,494,843,4,-1,1
5,54,498,844,4,1,1
5,55,501,844,3,0,1
5,56,503,843,2,-1,1
5,57,504,843,1,0,1
5,58,503,843,-1,0,1
5,59,502,842,-1,-1,1
5,60,503,840,1,-2,1
5,61,503,840,0,0,1
5,62,496,848,-7,8,1
5,63,501,845,5,-3,1
5,64,501,845,0,0,1
5,65,501,843,0,-2,1
6,0,342,821,0,0,1
6,1,346,820,4,-1,1
6,2,338,818,-8,-2,1
6,3,339,819,1,1,1
6,4,332,809,-7,-10,1
6,5,324,807,-8,-2,1
6,6,314,816,-10,9,1
6,7,318,809,4,-7,1
6,8,315,810,-3,1,1
6,9,315,808,0,-2,1
6,10,322,809,7,1,1
6,11,324,805,2,-4,1
6,12,320,805,-4,0,1
6,13,308,804,-12,-1,1
6,14,320,805,12,1,1
6,15,317,807,-3,2,1
6,16,317,811,0,4,1
6,17,318,806,1,-5,1
6,18,318,804,0,-2,1
6,19,319,806,1,2,1
6,20,321,800,2,-6,1
6,21,319,799,-2,-1,1
6,22,318,794,-1,-5,1
6,23,318,793,0,-1,1
6,24,312,795,-6,2,1
6,25,310,795,-2,0,1
6,26,312,803,2,8,1
6,27,315,793,3,-10,1
6,28,316,787,1,-6,1
6,29,315,788,-1,1,1
6,30,317,791,2,3,1
6,31,323,795,6,4,1
6,32,326,796,3,1,1
6,33,327,797,1,1,1
6,34,328,789,1,-8,1
6,35,325,789,-3,0,1
6,36,324,788,-1,-1,1
6,37,318,788,-6,0,1
6,38,321,787,3,-1,1
6,39,321,787,0,0,1
6,40,330,793,9,6,1
6,41,331,801,1,8,1
6,42,331,799,0,-2,1
6,43,328,792,-3,-7,1
6,44,336,791,8,-1,1
6,45,334,791,-2,0,1
6,46,326,794,-8,3,1
6,47,325,797,-1,3,1
6,48,325,803,0,6,1
6,49,325,804,0,1,1
6,50,329,807,4,3,1
6,51,330,808,1,1,1
6,52,331,801,1,-7,1
6,53,327,801,-4,0,1
6,54,326,796,-1,-5,1
6,55,322,791,-4,-5,1
6,56,318,789,-4,-2,1
6,57,312,789,-6,0,1
6,58,313,793,1,4,1
6,59,310,793,-3,0,1
6,60,305,796,-5,3,1
6,61,304,795,-1,-1,1
6,62,301,795,-3,0,1
6,63,304,796,3,1,1
6,64,306,796,2,0,1
6,65,307,796,1,0,1
6,66,308,801,1,5,1
6,67,309,803,1,2,1
6,68,310,804,1,1,1
6,69,310,804,0,0,1
6,70,311,807,1,3,1
6,71,311,807,0,0,1
6,72,307,806,-4,-1,1
6,73,307,805,0,-1,1
6,74,307,803,0,-2,1
6,75,308,800,1,-3,1
6,76,304,799,-4,-1,1
6,77,304,799,0,0,1
6,78,304,799,0,0,1
6,79,304,799,0,0,1
6,80,303,799,-1,0,1
6,81,302,799,-1,0,1
6,82,302,798,0,-1,1
6,83,302,798,0,0,1
6,84,302,798,0,0,1
6,85,302,798,0,0,1
6,86,302,798,0,0,1
6,87,302,798,0,0,1
6,88,302,798,0,0,1
6,89,302,797,0,-1,1
6,90,302,797,0,0,1
6,91,302,797,0,0,1
6,92,302,797,0,0,1
6,93,302,797,0,0,1
6,94,302,797,0,0,1
6,95,302,797,0,0,1
6,96,302,797,0,0,1
6,97,302,797,0,0,1
6,98,302,797,0,0,1
6,99,302,797,0,0,1
6,100,303,797,1,0,1
6,101,303,797,0,0,1
6,102,304,796,1,-1,1
6,103,303,796,-1,0,1
6,104,301,796,-2,0,1
6,105,301,797,0,1,1
6,106,301,797,0,0,1
6,107,301,798,0,1,1
6,108,301,798,0,0,1
6,109,301,798,0,0,1
6,110,301,798,0,0,1
6,111,301,798,0,0,1
6,112,301,798,0,0,1
6,113,302,798,1,0,1
6,114,303,799,1,1,1
6,115,303,799,0,0,1
6,116,303,800,0,1,1
6,117,303,800,0,0,1
6,118,303,800,0,0,1
6,119,303,800,0,0,1
7,0,339,745,0,0,1
7,1,333,746,-6,1,1
7,2,337,741,4,-5,1
7,3,332,738,-5,-3,1
7,4,327,737,-5,-1,1
7,5,328,737,1,0,1
7,6,319,739,-9,2,1
7,7,313,739,-6,0,1
7,8,322,733,9,-6,1
7,9,325,733,3,0,1
7,10,339,732,14,-1,1
7,11,341,733,2,1,1
7,12,341,729,0,-4,1
7,13,348,723,7,-6,1
7,14,339,714,-9,-9,1
7,15,350,714,11,0,1
7,16,347,707,-3,-7,1
7,17,340,705,-7,-2,1
7,18,341,708,1,3,1
7,19,336,707,-5,-1,1
7,20,343,708,7,1,1
7,21,344,707,1,-1,1
7,22,344,702,0,-5,1
7,23,345,706,1,4,1
7,24,338,706,-7,0,1
7,25,354,710,16,4,1
7,26,356,720,2,10,1
7,27,347,724,-9,4,1
7,28,352,726,5,2,1
7,29,355,727,3,1,1
7,30,359,727,4,0,1
7,31,350,727,-9,0,1
7,32,342,722,-8,-5,1
7,33,340,720,-2,-2,1
7,34,344,717,4,-3,1
7,35,340,719,-4,2,1
7,36,344,717,4,-2,1
7,37,344,727,0,10,1
7,38,346,726,2,-1,1
7,39,351,723,5,-3,1
7,40,353,721,2,-2,1
7,41,357,722,4,1,1
7,42,357,715,0,-7,1
7,43,362,711,5,-4,1
7,44,364,709,2,-2,1
7,45,371,701,7,-8,1
7,46,379,696,8,-5,1
7,47,380,696,1,0,1
7,48,384,692,4,-4,1
7,49,379,684,-5,-8,1
7,50,380,679,1,-5,1
7,51,381,673,1,-6,1
7,52,386,675,5,2,1
7,53,387,680,1,5,1
7,54,384,679,-3,-1,1
7,55,394,667,10,-12,2
7,56,394,663,0,-4,2
7,57,391,656,-3,-7,2
7,58,393,655,2,-1,2
7,59,389,647,-4,-8,2
7,60,383,642,-6,-5,2
7,61,372,638,-11,-4,2
7,62,373,641,1,3,2
7,63,365,646,-8,5,2
7,64,358,648,-7,2,2
7,65,355,642,-3,-6,2
7,66,350,641,-5,-1,2
7,67,349,644,-1,3,2
7,68,350,637,1,-7,2
7,69,353,638,3,1,2
7,70,353,643,0,5,2
7,71,346,645,-7,2,2
7,72,341,635,-5,-10,2
7,73,341,636,0,1,2
7,74,339,632,-2,-4,2
7,75,336,626,-3,-6,2
7,76,336,626,0,0,2
7,77,336,609,0,-17,2
7,78,339,593,3,-16,3
7,79,340,610,1,17,2
7,80,338,603,-2,-7,2
7,81,337,595,-1,-8,3
7,82,327,579,-10,-16,3
7,83,337,568,10,-11,3
7,84,334,571,-3,3,3
7,85,332,564,-2,-7,3
7,86,336,562,4,-2,3
7,87,332,564,-4,2,3
7,88,327,558,-5,-6,3
7,89,327,553,0,-5,3
7,90,324,554,-3,1,3
7,91,325,547,1,-7,3
7,92,330,534,5,-13,3
7,93,331,518,1,-16,3
7,94,333,517,2,-1,3
7,95,337,512,4,-5,4
7,96,340,510,3,-2,4
7,97,343,507,3,-3,4
7,98,344,501,1,-6,4
7,99,338,483,-6,-18,4
7,100,336,461,-2,-22,4
7,101,334,446,-2,-15,4
7,102,338,434,4,-12,4
7,103,337,433,-1,-1,4
7,104,342,432,5,-1,4
7,105,341,430,-1,-2,4
7,106,339,436,-2,6,4
7,107,344,436,5,0,4
7,108,344,438,0,2,4
7,109,338,443,-6,5,4
7,110,340,435,2,-8,4
7,111,342,430,2,-5,4
7,112,343,427,1,-3,4
7,113,344,423,1,-4,4
7,114,342,419,-2,-4,4
7,115,340,412,-2,-7,4
7,116,342,406,2,-6,4
7,117,346,375,4,-31,4
7,118,354,350,8,-25,4
7,119,354,356,0,6,4
8,0,292,750,0,0,1
8,1,300,753,8,3,1
8,2,296,772,-4,19,1
8,3,302,781,6,9,1
8,4,301,783,-1,2,1
8,5,307,785,6,2,1
8,6,305,781,-2,-4,1
8,7,317,782,12,1,1
8,8,311,785,-6,3,1
8,9,311,785,0,0,1
8,10,300,795,-11,10,1
8,11,295,813,-5,18,1
8,12,293,816,-2,3,1
8,13,294,823,1,7,1
8,14,277,822,-17,-1,1
8,15,262,828,-15,6,1
8,16,260,827,-2,-1,1
8,17,248,827,-12,0,1
8,18,244,825,-4,-2,1
8,19,262,820,18,-5,1
8,20,260,827,-2,7,1
8,21,269,827,9,0,1
8,22,274,833,5,6,1
8,23,273,841,-1,8,1
8,24,276,840,3,-1,1
8,25,269,844,-7,4,1
8,26,264,841,-5,-3,1
8,27,261,837,-3,-4,1
8,28,257,834,-4,-3,1
8,29,255,832,-2,-2,1
8,30,259,836,4,4,1
8,31,263,838,4,2,1
8,32,259,839,-4,1,1
8,33,259,841,0,2,1
8,34,260,841,1,0,1
8,35,270,836,10,-5,1
8,36,269,840,-1,4,1
8,37,270,848,1,8,1
8,38,272,844,2,-4,1
8,39,259,843,-13,-1,1
8,40,260,849,1,6,1
8,41,262,849,2,0,1
8,42,259,849,-3,0,1
8,43,262,851,3,2,1
8,44,265,853,3,2,1
8,45,259,858,-6,5,1
8,46,256,865,-3,7,1
8,47,268,877,12,12,1
8,48,280,884,12,7,1
8,49,296,880,16,-4,1
8,50,304,869,8,-11,1
8,51,305,865,1,-4,1
8,52,300,868,-5,3,1
8,53,289,851,-11,-17,1
8,54,289,851,0,0,1
8,55,287,847,-2,-4,1
8,56,289,850,2,3,1
8,57,299,858,10,8,1
8,58,299,872,0,14,1
8,59,305,871,6,-1,1
8,60,312,868,7,-3,1
8,61,314,873,2,5,1
8,62,313,878,-1,5,1
8,63,332,879,19,1,1
8,64,336,878,4,-1,1
8,65,349,876,13,-2,1
8,66,351,873,2,-3,1
8,67,341,878,-10,5,1
8,68,332,883,-9,5,1
8,69,322,879,-10,-4,1
8,70,319,874,-3,-5,1
8,71,300,869,-19,-5,1
8,72,300,870,0,1,1
8,73,314,872,14,2,1
8,74,324,874,10,2,1
8,75,338,876,14,2,1
8,76,342,875,4,-1,1
8,77,341,873,-1,-2,1
8,78,349,872,8,-1,1
8,79,355,873,6,1,1
8,80,347,879,-8,6,1
8,81,345,868,-2,-11,1
8,82,341,870,-4,2,1
8,83,349,859,8,-11,1
8,84,356,864,7,5,1
8,85,345,862,-11,-2,1
8,86,340,869,-5,7,1
8,87,334,865,-6,-4,1
8,88,339,865,5,0,1
8,89,340,862,1,-3,1
8,90,350,863,10,1,1
8,91,348,890,-2,27,1
8,92,350,895,2,5,1
8,93,352,901,2,6,1
8,94,360,908,8,7,1
8,95,362,918,2,10,1
8,96,359,922,-3,4,1
8,97,354,920,-5,-2,1
8,98,355,920,1,0,1
8,99,360,921,5,1,1
8,100,357,916,-3,-5,1
8,101,356,915,-1,-1,1
8,102,355,916,-1,1,1
8,103,347,918,-8,2,1
8,104,346,924,-1,6,1
8,105,346,923,0,-1,1
8,106,346,923,0,0,1
8,107,342,919,-4,-4,1
8,108,341,919,-1,0,1
8,109,340,919,-1,0,1
8,110,329,903,-11,-16,1
8,111,329,903,0,0,1
8,112,327,899,-2,-4,1
8,113,326,894,-1,-5,1
8,114,326,892,0,-2,1
8,115,325,893,-1,1,1
8,116,319,899,-6,6,1
8,117,319,909,0,10,1
8,118,310,903,-9,-6,1
8,119,306,904,-4,1,1
9,0,275,725,0,0,1
9,1,257,725,-18,0,1
9,2,256,724,-1,-1,1
9,3,260,722,4,-2,1
9,4,263,724,3,2,1
9,5,267,724,4,0,1
9,6,269,720,2,-4,1
9,7,268,725,-1,5,1
9,8,268,725,0,0,1
9,9,268,733,0,8,1
9,10,270,734,2,1,1
9,11,279,736,9,2,1
9,12,277,738,-2,2,1
9,13,282,733,5,-5,1
9,14,281,726,-1,-7,1
9,15,283,730,2,4,1
9,16,243,762,-40,32,1
9,17,243,744,0,-18,1
9,18,237,749,-6,5,1
9,19,243,747,6,-2,1
9,20,254,747,11,0,1
9,21,253,742,-1,-5,1
9,22,252,739,-1,-3,1
9,23,256,738,4,-1,1
9,24,253,738,-3,0,1
9,25,258,735,5,-3,1
9,26,258,738,0,3,1
9,27,261,736,3,-2,1
9,28,255,738,-6,2,1
9,29,250,740,-5,2,1
9,30,249,738,-1,-2,1
9,31,252,734,3,-4,1
9,32,249,731,-3,-3,1
9,33,238,734,-11,3,1
9,34,228,723,-10,-11,1
9,35,218,720,-10,-3,1
9,36,222,714,4,-6,1
9,37,222,700,0,-14,1
9,38,224,694,2,-6,1
9,39,229,698,5,4,1
9,40,228,696,-1,-2,1
9,41,233,691,5,-5,1
9,42,235,692,2,1,1
9,43,247,673,12,-19,1
9,44,239,649,-8,-24,1
9,45,255,636,16,-13,1
9,46,246,639,-9,3,1
9,47,231,649,-15,10,1
9,48,233,674,2,25,1
9,49,230,679,-3,5,1
9,50,230,678,0,-1,1
9,51,244,654,14,-24,1
9,52,241,660,-3,6,1
9,53,218,678,-23,18,1
9,54,219,684,1,6,1
9,55,228,682,9,-2,1
9,56,241,651,13,-31,1
9,57,241,650,0,-1,1
9,58,224,632,-17,-18,1
9,59,215,633,-9,1,1
9,60,231,626,16,-7,1
9,61,262,618,31,-8,2
9,62,276,615,14,-3,2
9,63,282,613,6,-2,2
9,64,302,598,20,-15,2
9,65,303,596,1,-2,2
9,66,292,582,-11,-14,3
9,67,275,542,-17,-40,3
9,68,269,530,-6,-12,3
9,69,241,538,-28,8,3
9,70,222,516,-19,-22,3
9,71,228,491,6,-25,3
9,72,233,465,5,-26,4
9,73,222,452,-11,-13,4
9,74,182,433,-40,-19,4
9,75,191,430,9,-3,4
9,76,214,410,23,-20,4
9,77,199,391,-15,-19,4
9,78,184,393,-15,2,4
9,79,213,404,29,11,4
9,80,223,406,10,2,4
9,81,235,396,12,-10,4
9,82,199,389,-36,-7,4
9,83,201,377,2,-12,4
9,84,204,379,3,2,4
9,85,195,371,-9,-8,4
9,86,196,367,1,-4,4
9,87,198,359,2,-8,4
9,88,186,356,-12,-3,4
9,89,199,367,13,11,4
9,90,198,371,-1,4,4
9,91,195,371,-3,0,4
9,92,193,364,-2,-7,4
9,93,195,357,2,-7,4
9,94,196,357,1,0,4
9,95,194,358,-2,1,4
9,96,194,358,0,0,4
9,97,194,352,0,-6,4
9,98,195,352,1,0,4
9,99,205,350,10,-2,4
9,100,208,352,3,2,4
9,101,205,352,-3,0,4
9,102,201,348,-4,-4,4
9,103,209,341,8,-7,4
9,104,213,339,4,-2,4
9,105,214,337,1,-2,4
9,106,211,339,-3,2,4
9,107,211,339,0,0,4
9,108,211,337,0,-2,4
9,109,213,329,2,-8,4
10,0,236,645,0,0,1
10,1,232,646,-4,1,1
10,2,224,618,-8,-28,1
10,3,221,594,-3,-24,2
10,3,220,595,-1,1,2
10,4,216,584,-4,-11,2
10,5,207,583,-9,-1,2
10,6,203,579,-4,-4,2
10,7,184,589,-19,10,2
10,8,184,594,0,5,2
10,9,181,592,-3,-2,2
10,10,181,590,0,-2,2
10,11,178,586,-3,-4,2
10,12,170,582,-8,-4,2
10,13,156,583,-14,1,2
10,14,161,586,5,3,2
10,15,167,587,6,1,2
10,16,162,589,-5,2,2
10,17,165,586,3,-3,2
10,18,170,580,5,-6,2
10,19,161,572,-9,-8,2
10,20,154,575,-7,3,2
10,21,149,576,-5,1,2
10,22,138,580,-11,4,1
10,23,133,578,-5,-2,1
10,24,122,582,-11,4,1
10,25,120,580,-2,-2,1
10,26,128,587,8,7,1
10,27,138,578,10,-9,2
10,28,139,582,1,4,1
10,29,144,585,5,3,1
10,30,138,587,-6,2,1
10,31,134,598,-4,11,1
10,32,149,583,15,-15,2
10,33,177,581,28,-2,2
10,34,173,574,-4,-7,2
10,35,161,575,-12,1,2
10,36,154,564,-7,-11,2
10,37,153,570,-1,6,2
10,38,134,581,-19,11,1
10,39,140,569,6,-12,2
10,40,145,568,5,-1,2
10,41,144,546,-1,-22,2
10,42,139,533,-5,-13,2
10,43,133,539,-6,6,2
10,44,136,535,3,-4,2
10,45,129,531,-7,-4,2
10,46,124,531,-5,0,2
10,47,107,548,-17,17,2
10,48,109,552,2,4,2
10,49,110,561,1,9,2
10,50,108,566,-2,5,1
10,51,104,578,-4,12,1
10,52,88,576,-16,-2,1
10,53,80,585,-8,9,1
10,54,82,587,2,2,1
10,55,75,599,-7,12,1
10,56,76,599,1,0,1
10,57,71,574,-5,-25,1
10,58,67,584,-4,10,1
10,59,63,587,-4,3,1
12,0,384,699,0,0,1
12,1,379,698,-5,-1,1
12,2,381,707,2,9,1
12,3,365,712,-16,5,1
12,4,370,716,5,4,1
12,5,360,690,-10,-26,1
12,6,369,691,9,1,1
12,7,369,687,0,-4,1
12,8,360,669,-9,-18,1
12,9,341,654,-19,-15,1
12,10,332,643,-9,-11,2
12,11,325,636,-7,-7,2
12,12,328,635,3,-1,2
12,13,334,622,6,-13,2
12,14,346,607,12,-15,3
12,15,337,605,-9,-2,3
12,16,337,602,0,-3,3
12,17,335,600,-2,-2,3
12,18,324,590,-11,-10,3
12,19,311,572,-13,-18,3
12,20,313,573,2,1,3
12,21,301,565,-12,-8,3
12,22,277,552,-24,-13,3
12,23,263,551,-14,-1,3
12,24,266,541,3,-10,3
12,25,254,531,-12,-10,3
12,26,266,522,12,-9,3
12,27,259,522,-7,0,3
12,28,276,531,17,9,3
12,29,279,528,3,-3,3
12,30,280,519,1,-9,3
12,31,285,514,5,-5,3
12,32,275,538,-10,24,3
12,33,256,557,-19,19,3
12,34,235,564,-21,7,3
12,35,230,560,-5,-4,3
12,36,211,546,-19,-14,3
12,37,188,539,-23,-7,3
12,38,170,534,-18,-5,2
12,39,166,522,-4,-12,3
12,40,151,523,-15,1,2
12,41,162,507,11,-16,3
12,42,173,475,11,-32,3
12,43,167,457,-6,-18,3
12,44,182,426,15,-31,4
12,45,177,419,-5,-7,4
12,46,158,417,-19,-2,4
12,47,158,410,0,-7,4
12,48,157,393,-1,-17,4
12,49,130,392,-27,-1,4
12,50,122,391,-8,-1,4
12,51,111,389,-11,-2,4
12,52,93,384,-18,-5,4
12,53,91,359,-2,-25,4
12,54,87,356,-4,-3,4
12,55,76,351,-11,-5,4
12,56,63,344,-13,-7,4
12,57,73,332,10,-12,4
12,58,74,333,1,1,4
12,59,77,318,3,-15,4
12,60,78,319,1,1,4
12,61,89,310,11,-9,4
12,62,85,299,-4,-11,4
12,63,82,270,-3,-29,4
12,64,82,243,0,-27,4
12,65,77,220,-5,-23,4
12,66,84,209,7,-11,4
12,67,89,200,5,-9,4
12,68,91,200,2,0,4
12,69,96,195,5,-5,4
12,70,98,177,2,-18,4
12,71,99,161,1,-16,4
12,72,88,126,-11,-35,4
12,73,90,124,2,-2,4
12,74,86,108,-4,-16,4
12,75,87,84,1,-24,4
12,76,82,69,-5,-15,4
12,77,82,71,0,2,4
12,78,81,75,-1,4,4
12,79,83,73,2,-2,4
12,80,91,68,8,-5,4
12,81,95,61,4,-7,4
12,82,89,51,-6,-10,4
12,83,85,43,-4,-8,4
12,84,87,49,2,6,4
12,85,92,50,5,1,4
12,86,95,50,3,0,4
12,87,95,50,0,0,4
12,88,94,50,-1,0,4
12,89,92,52,-2,2,4
12,90,92,52,0,0,4
12,91,96,50,4,-2,4
12,92,97,48,1,-2,4
12,93,100,37,3,-11,4
12,94,107,29,7,-8,4
12,95,108,24,1,-5,4
12,96,110,24,2,0,4
12,97,117,16,7,-8,4
12,98,124,15,7,-1,4
12,99,127,16,3,1,4
12,100,127,16,0,0,4
12,101,125,20,-2,4,4
12,102,122,20,-3,0,4
12,103,117,21,-5,1,4
12,104,116,16,-1,-5,4
12,105,118,7,2,-9,4
13,0,179,857,0,0,1
13,1,169,863,-10,6,1
13,2,165,857,-4,-6,1
13,3,166,861,1,4,1
13,4,174,849,8,-12,1
13,5,173,853,-1,4,1
13,6,179,858,6,5,1
13,7,179,855,0,-3,1
13,8,179,855,0,0,1
13,9,175,852,-4,-3,1
13,10,175,852,0,0,1
13,11,175,852,0,0,1
13,12,175,852,0,0,1
13,13,175,852,0,0,1
13,14,175,852,0,0,1
13,15,175,852,0,0,1
13,16,175,852,0,0,1
13,17,175,852,0,0,1
13,18,175,852,0,0,1
13,19,175,852,0,0,1
13,20,176,852,1,0,1
13,21,176,852,0,0,1
13,22,176,852,0,0,1
13,23,176,852,0,0,1
13,24,176,852,0,0,1
13,25,176,852,0,0,1
13,26,176,852,0,0,1
13,27,176,852,0,0,1
13,28,176,852,0,0,1
13,29,176,852,0,0,1
13,30,176,852,0,0,1
13,31,176,852,0,0,1
13,32,176,852,0,0,1
13,33,177,853,1,1,1
13,34,177,853,0,0,1
13,35,177,853,0,0,1
13,36,177,853,0,0,1
13,37,177,852,0,-1,1
13,38,177,852,0,0,1
13,39,177,852,0,0,1
13,40,177,852,0,0,1
13,41,177,852,0,0,1
13,42,177,852,0,0,1
13,43,177,852,0,0,1
13,44,177,852,0,0,1
13,45,177,852,0,0,1
13,46,177,852,0,0,1
13,47,177,852,0,0,1
13,48,177,852,0,0,1
13,49,177,852,0,0,1
13,50,177,852,0,0,1
13,51,177,852,0,0,1
13,52,177,852,0,0,1
13,53,177,848,0,-4,1
13,54,177,848,0,0,1
13,55,177,848,0,0,1
13,56,177,848,0,0,1
13,57,177,848,0,0,1
13,58,177,848,0,0,1
13,59,177,848,0,0,1
13,60,177,848,0,0,1
13,61,177,848,0,0,1
13,62,177,848,0,0,1
13,63,177,848,0,0,1
13,64,177,848,0,0,1
13,65,177,848,0,0,1
13,66,176,848,-1,0,1
13,67,173,850,-3,2,1
13,68,168,853,-5,3,1
13,69,166,854,-2,1,1
13,70,156,874,-10,20,1
13,71,156,879,0,5,1
13,72,164,873,8,-6,1
13,73,167,877,3,4,1
13,74,176,877,9,0,1
13,75,209,878,33,1,1
13,76,230,861,21,-17,1
13,77,235,847,5,-14,1
13,78,224,835,-11,-12,1
13,79,228,840,4,5,1
13,80,231,826,3,-14,1
13,81,227,815,-4,-11,1
13,82,233,825,6,10,1
13,83,225,828,-8,3,1
13,84,233,833,8,5,1
13,85,228,831,-5,-2,1
13,86,217,821,-11,-10,1
13,87,215,837,-2,16,1
13,88,219,824,4,-13,1
13,89,214,831,-5,7,1
13,90,214,832,0,1,1
13,91,222,833,8,1,1
13,92,229,833,7,0,1
13,93,235,837,6,4,1
13,94,239,838,4,1,1
13,95,248,833,9,-5,1
13,96,239,829,-9,-4,1
13,97,239,827,0,-2,1
13,98,246,827,7,0,1
13,99,249,825,3,-2,1
13,100,247,830,-2,5,1
13,101,250,831,3,1,1
13,102,250,836,0,5,1
13,103,248,837,-2,1,1
13,104,248,839,0,2,1
13,105,243,852,-5,13,1
13,106,242,846,-1,-6,1
13,107,231,845,-11,-1,1
13,108,220,840,-11,-5,1
13,109,213,840,-7,0,1
13,110,205,839,-8,-1,1
13,111,237,761,32,-78,1
13,112,243,757,6,-4,1
13,113,228,760,-15,3,1
13,114,230,757,2,-3,1
13,115,237,760,7,3,1
13,116,245,764,8,4,1
13,117,239,760,-6,-4,1
14,0,275,545,0,0,3
14,1,279,540,4,-5,3
14,2,285,536,6,-4,3
14,3,281,536,-4,0,3
14,4,290,538,9,2,3
14,5,303,530,13,-8,3
14,6,297,523,-6,-7,3
14,7,300,509,3,-14,3
14,8,302,506,2,-3,3
14,9,302,506,0,0,3
14,10,303,496,1,-10,4
14,11,303,493,0,-3,4
14,12,302,481,-1,-12,4
14,13,291,480,-11,-1,4
14,14,302,470,11,-10,4
14,15,307,465,5,-5,4
14,16,317,453,10,-12,4
14,17,315,435,-2,-18,4
14,18,311,439,-4,4,4
14,19,305,437,-6,-2,4
14,20,298,423,-7,-14,4
14,21,298,414,0,-9,4
14,22,312,393,14,-21,4
14,23,313,389,1,-4,4
14,24,311,389,-2,0,4
14,25,312,385,1,-4,4
14,26,306,381,-6,-4,4
14,27,309,369,3,-12,4
14,28,318,365,9,-4,4
14,29,322,355,4,-10,4
14,30,323,363,1,8,4
14,31,323,370,0,7,4
14,32,327,362,4,-8,4
14,33,327,364,0,2,4
14,34,329,356,2,-8,4
14,35,331,352,2,-4,4
14,36,328,349,-3,-3,4
14,37,341,345,13,-4,4
14,38,352,340,11,-5,4
14,39,369,332,17,-8,4
14,40,387,331,18,-1,4
14,41,410,325,23,-6,4
14,42,422,325,12,0,4
14,43,429,317,7,-8,4
14,44,434,319,5,2,4
14,45,438,314,4,-5,4
14,46,446,315,8,1,4
14,47,446,316,0,1,4
14,48,455,311,9,-5,4
14,49,465,308,10,-3,4
14,50,466,291,1,-17,4
14,51,458,286,-8,-5,4
14,52,450,280,-8,-6,4
14,53,450,281,0,1,4
14,54,436,287,-14,6,4
14,55,429,300,-7,13,4
14,56,429,300,0,0,4
14,57,429,300,0,0,4
14,58,430,291,1,-9,4
14,59,430,287,0,-4,4
14,60,430,286,0,-1,4
14,61,433,297,3,11,4
14,62,434,299,1,2,4
14,63,434,299,0,0,4
14,64,429,297,-5,-2,4
15,65,428,299,0,0,4
15,66,430,302,2,3,4
15,67,430,303,0,1,4
15,68,430,305,0,2,4
15,69,446,310,16,5,4
15,70,456,313,10,3,4
15,71,434,323,-22,10,4
15,72,424,334,-10,11,4
15,73,414,342,-10,8,4
15,74,406,345,-8,3,4
15,75,379,347,-27,2,4
16,0,426,611,0,0,3
16,1,432,620,6,9,3
16,2,433,605,1,-15,3
16,3,431,618,-2,13,3
16,4,422,612,-9,-6,3
16,5,423,602,1,-10,3
16,6,419,593,-4,-9,3
16,7,425,587,6,-6,3
16,8,417,586,-8,-1,3
16,9,404,576,-13,-10,3
16,10,405,548,1,-28,4
16,11,409,561,4,13,3
16,12,411,561,2,0,3
16,13,413,555,2,-6,4
16,14,429,487,16,-68,4
16,15,423,483,-6,-4,4
16,16,426,481,3,-2,4
16,17,422,478,-4,-3,4
16,18,420,472,-2,-6,4
16,19,420,466,0,-6,4
16,20,426,463,6,-3,4
16,21,439,455,13,-8,4
16,22,435,455,-4,0,4
16,23,433,458,-2,3,4
16,24,437,459,4,1,4
16,25,432,468,-5,9,4
16,26,434,478,2,10,4
16,27,423,476,-11,-2,4
16,28,418,473,-5,-3,4
16,29,428,457,10,-16,4
16,30,427,454,-1,-3,4
16,31,437,426,10,-28,4
16,32,439,412,2,-14,4
16,33,439,387,0,-25,4
16,34,439,383,0,-4,4
16,35,452,375,13,-8,4
16,36,479,368,27,-7,4
16,37,485,362,6,-6,4
16,38,498,355,13,-7,4
18,0,235,649,0,0,1
18,1,221,669,-14,20,1
18,2,215,674,-6,5,1
18,3,210,677,-5,3,1
18,4,211,684,1,7,1
18,5,216,686,5,2,1
18,6,217,680,1,-6,1
18,7,231,686,14,6,1
18,8,239,703,8,17,1
18,9,244,713,5,10,1
18,10,257,731,13,18,1
18,11,256,731,-1,0,1
18,12,252,728,-4,-3,1
18,13,257,733,5,5,1
18,14,259,732,2,-1,1
18,15,257,736,-2,4,1
18,16,267,742,10,6,1
18,17,268,744,1,2,1
18,18,268,742,0,-2,1
18,19,273,742,5,0,1
18,20,276,743,3,1,1
18,21,274,746,-2,3,1
18,22,277,739,3,-7,1
18,23,275,743,-2,4,1
18,24,274,744,-1,1,1
18,25,273,745,-1,1,1
18,26,271,746,-2,1,1
18,27,271,746,0,0,1
18,28,271,746,0,0,1
18,29,271,746,0,0,1
18,30,268,749,-3,3,1
18,31,273,749,5,0,1
18,32,273,745,0,-4,1
18,33,261,746,-12,1,1
18,34,254,745,-7,-1,1
18,35,279,743,25,-2,1
18,36,295,741,16,-2,1
18,37,306,734,11,-7,1
18,38,301,733,-5,-1,1
18,39,305,733,4,0,1
18,40,306,731,1,-2,1
18,41,313,723,7,-8,1
18,42,309,722,-4,-1,1
18,43,309,724,0,2,1
18,44,309,724,0,0,1
18,45,310,721,1,-3,1
18,46,322,716,12,-5,1
18,47,322,722,0,6,1
18,48,324,722,2,0,1
18,49,329,725,5,3,1
18,50,324,719,-5,-6,1
18,51,325,715,1,-4,1
18,52,322,712,-3,-3,1
18,53,323,705,1,-7,1
18,54,312,707,-11,2,1
18,55,314,716,2,9,1
18,56,308,725,-6,9,1
18,57,304,740,-4,15,1
18,58,301,746,-3,6,1
18,59,288,745,-13,-1,1
18,60,285,741,-3,-4,1
18,61,285,741,0,0,1
18,62,300,757,15,16,1
18,63,298,758,-2,1,1
18,64,295,756,-3,-2,1
18,65,302,748,7,-8,1
18,66,299,752,-3,4,1
18,67,297,752,-2,0,1
18,68,297,752,0,0,1
18,69,295,748,-2,-4,1
18,70,291,739,-4,-9,1
18,71,287,748,-4,9,1
18,72,296,752,9,4,1
18,73,289,745,-7,-7,1
18,74,282,744,-7,-1,1
18,75,273,741,-9,-3,1
18,76,266,741,-7,0,1
18,77,264,735,-2,-6,1
18,78,271,738,7,3,1
18,79,288,746,17,8,1
18,80,282,745,-6,-1,1
18,81,297,750,15,5,1
18,82,308,754,11,4,1
18,83,310,754,2,0,1
18,84,324,754,14,0,1
18,85,314,757,-10,3,1
18,86,321,757,7,0,1
18,87,324,757,3,0,1
18,88,329,758,5,1,1
18,89,337,767,8,9,1
18,90,337,775,0,8,1
18,91,314,766,-23,-9,1
18,92,332,767,18,1,1
18,93,339,770,7,3,1
18,94,348,769,9,-1,1
18,95,344,764,-4,-5,1
18,96,335,764,-9,0,1
18,97,340,763,5,-1,1
18,98,343,763,3,0,1
18,99,330,766,-13,3,1
18,100,336,765,6,-1,1
18,101,346,767,10,2,1
18,102,369,763,23,-4,1
18,103,373,755,4,-8,1
18,104,380,754,7,-1,1
18,105,380,746,0,-8,1
18,106,384,732,4,-14,1
18,107,393,725,9,-7,1
18,108,393,730,0,5,1
18,109,390,733,-3,3,1
18,110,390,732,0,-1,1
18,111,395,728,5,-4,1
18,112,406,724,11,-4,1
18,113,413,722,7,-2,1
18,114,425,714,12,-8,1
18,115,436,728,11,14,1
18,116,435,710,-1,-18,1
18,117,473,674,38,-36,2
18,118,485,653,12,-21,2
18,119,496,655,11,2,2
19,0,145,706,0,0,1
19,1,150,706,5,0,1
19,2,132,703,-18,-3,1
19,3,125,701,-7,-2,1
19,4,130,695,5,-6,1
19,5,125,702,-5,7,1
19,6,119,703,-6,1,1
19,7,119,699,0,-4,1
19,8,115,696,-4,-3,1
19,9,100,688,-15,-8,1
19,10,105,686,5,-2,1
19,11,106,678,1,-8,1
19,12,86,655,-20,-23,1
19,13,82,642,-4,-13,1
19,14,85,636,3,-6,1
19,15,78,623,-7,-13,1
19,16,86,626,8,3,1
19,17,96,615,10,-11,1
19,18,87,614,-9,-1,1
19,19,89,607,2,-7,1
19,20,91,605,2,-2,1
19,21,91,608,0,3,1
19,22,93,608,2,0,1
19,23,98,605,5,-3,1
19,24,96,602,-2,-3,1
19,25,96,594,0,-8,1
19,26,96,579,0,-15,1
19,27,84,576,-12,-3,1
19,28,83,576,-1,0,1
19,29,86,573,3,-3,1
19,30,95,566,9,-7,1
19,31,88,537,-7,-29,2
19,32,98,536,10,-1,2
19,33,104,530,6,-6,2
19,34,110,525,6,-5,2
19,35,112,522,2,-3,2
19,36,113,506,1,-16,2
19,37,117,497,4,-9,2
19,38,107,490,-10,-7,2
19,39,106,476,-1,-14,3
19,40,113,471,7,-5,3
19,41,109,466,-4,-5,3
19,42,105,468,-4,2,3
19,43,81,471,-24,3,2
19,44,82,475,1,4,2
19,45,80,474,-2,-1,2
19,46,85,436,5,-38,3
19,47,84,413,-1,-23,4
19,48,78,400,-6,-13,4
19,49,76,372,-2,-28,4
19,50,70,360,-6,-12,4
19,51,73,342,3,-18,4
19,52,74,334,1,-8,4
19,53,74,313,0,-21,4
19,54,71,278,-3,-35,4
19,55,76,258,5,-20,4
19,56,79,237,3,-21,4
19,57,76,229,-3,-8,4
19,58,83,220,7,-9,4
19,59,85,202,2,-18,4
19,60,91,208,6,6,4
19,61,93,185,2,-23,4
19,62,88,170,-5,-15,4
19,63,101,167,13,-3,4
19,64,107,163,6,-4,4
19,65,111,155,4,-8,4
19,66,114,160,3,5,4
19,67,114,163,0,3,4
19,68,114,161,0,-2,4
19,69,119,147,5,-14,4
19,70,119,143,0,-4,4
19,71,113,109,-6,-34,4
19,72,115,100,2,-9,4
19,73,119,88,4,-12,4
19,74,123,87,4,-1,4
19,75,133,87,10,0,4
19,76,139,92,6,5,4
19,77,150,96,11,4,4
19,78,162,94,12,-2,4
19,79,163,61,1,-33,4
19,80,173,61,10,0,4
19,81,176,73,3,12,4
19,82,192,56,16,-17,4
19,83,196,50,4,-6,4
19,84,194,45,-2,-5,4
19,85,192,46,-2,1,4
19,86,195,39,3,-7,4
19,87,194,35,-1,-4,4
19,88,198,25,4,-10,4
19,89,203,20,5,-5,4
19,90,200,14,-3,-6,4
19,91,198,13,-2,-1,4
19,92,190,12,-8,-1,4
19,93,190,12,0,0,4
19,94,200,9,10,-3,4
19,95,199,13,-1,4,4
19,96,199,8,0,-5,4
19,97,200,6,1,-2,4
19,98,188,8,-12,2,4
19,99,180,7,-8,-1,4
20,0,143,746,0,0,1
20,1,153,744,10,-2,1
20,2,156,737,3,-7,1
20,3,164,733,8,-4,1
20,4,172,739,8,6,1
20,5,179,738,7,-1,1
20,6,183,730,4,-8,1
20,7,189,742,6,12,1
20,8,183,742,-6,0,1
20,9,179,742,-4,0,1
20,10,169,730,-10,-12,1
20,11,172,727,3,-3,1
20,12,159,729,-13,2,1
20,13,147,733,-12,4,1
20,14,148,730,1,-3,1
20,15,150,726,2,-4,1
20,16,135,716,-15,-10,1
20,17,140,711,5,-5,1
20,18,136,705,-4,-6,1
20,19,120,703,-16,-2,1
20,20,111,697,-9,-6,1
20,21,114,696,3,-1,1
20,22,115,694,1,-2,1
20,23,115,692,0,-2,1
20,24,112,692,-3,0,1
20,25,104,682,-8,-10,1
20,26,103,684,-1,2,1
20,27,103,684,0,0,1
20,28,111,680,8,-4,1
20,29,117,673,6,-7,1
20,30,118,673,1,0,1
20,31,115,670,-3,-3,1
20,32,115,670,0,0,1
20,33,119,671,4,1,1
20,34,139,670,20,-1,1
20,35,153,678,14,8,1
20,36,170,662,17,-16,1
20,37,165,664,-5,2,1
20,38,168,656,3,-8,1
20,39,168,658,0,2,1
20,40,179,660,11,2,1
20,41,182,661,3,1,1
20,42,182,660,0,-1,1
20,43,185,658,3,-2,1
20,44,186,649,1,-9,1
20,45,192,649,6,0,1
20,46,194,648,2,-1,1
20,47,194,637,0,-11,1
20,48,197,630,3,-7,1
20,49,200,630,3,0,1
20,50,204,626,4,-4,1
20,51,208,624,4,-2,1
20,52,204,618,-4,-6,1
20,53,207,619,3,1,1
20,54,217,607,10,-12,2
20,55,218,608,1,1,2
20,56,218,608,0,0,2
20,57,216,606,-2,-2,2
20,58,216,604,0,-2,2
20,59,224,598,8,-6,2
20,60,223,597,-1,-1,2
20,61,218,602,-5,5,2
20,62,220,601,2,-1,2
20,63,212,610,-8,9,1
20,64,181,622,-31,12,1
20,65,181,622,0,0,1
20,66,177,617,-4,-5,1
20,67,176,611,-1,-6,1
20,68,174,611,-2,0,1
20,69,172,611,-2,0,1
20,70,171,603,-1,-8,1
20,71,163,608,-8,5,1
20,72,163,604,0,-4,1
20,73,163,601,0,-3,1
20,74,159,600,-4,-1,1
20,75,156,596,-3,-4,1
20,76,156,594,0,-2,1
20,77,156,593,0,-1,1
20,78,160,587,4,-6,2
20,79,163,584,3,-3,2
20,80,163,571,0,-13,2
20,81,160,566,-3,-5,2
20,82,164,566,4,0,2
20,83,163,538,-1,-28,2
20,84,163,539,0,1,2
20,85,166,535,3,-4,2
20,86,175,532,9,-3,2
20,87,175,538,0,6,2
20,88,184,539,9,1,2
20,89,198,543,14,4,2
20,90,203,535,5,-8,3
20,91,215,535,12,0,3
20,92,214,534,-1,-1,3
20,93,223,539,9,5,3
20,94,225,540,2,1,3
20,95,220,537,-5,-3,3
20,96,230,527,10,-10,3
20,97,245,513,15,-14,3
20,98,236,514,-9,1,3
20,99,245,510,9,-4,3
20,100,246,499,1,-11,3
20,101,233,487,-13,-12,3
20,102,233,492,0,5,3
20,103,232,483,-1,-9,3
20,104,236,474,4,-9,4
20,105,236,472,0,-2,4
20,106,236,472,0,0,4
20,107,232,470,-4,-2,4
20,108,232,470,0,0,4
20,109,233,470,1,0,4
20,110,233,470,0,0,4
20,111,236,472,3,2,4
20,112,236,473,0,1,4
20,113,236,473,0,0,4
20,114,236,473,0,0,4
20,115,237,473,1,0,4
20,116,238,473,1,0,4
20,117,238,473,0,0,4
20,118,238,473,0,0,4
20,119,234,468,-4,-5,4
21,67,500,729,0,0,1
21,68,500,729,0,0,1
21,69,499,738,-1,9,1
21,70,499,738,0,0,1
21,71,499,744,0,6,1
21,72,500,745,1,1,1
21,73,499,745,-1,0,1
21,74,498,746,-1,1,1
21,75,498,747,0,1,1
21,76,498,748,0,1,1
21,77,488,762,-10,14,1
21,78,490,761,2,-1,1
21,79,489,756,-1,-5,1
21,80,491,753,2,-3,1
21,81,491,753,0,0,1
21,82,502,722,11,-31,1
21,83,509,700,7,-22,2
21,84,505,717,-4,17,1
21,85,502,722,-3,5,1
21,86,502,722,0,0,1
21,87,506,721,4,-1,1
21,88,507,727,1,6,1
21,89,502,724,-5,-3,1
21,90,496,726,-6,2,1
21,91,492,733,-4,7,1
21,92,480,738,-12,5,1
21,93,470,740,-10,2,1
21,94,469,742,-1,2,1
21,95,469,742,0,0,1
21,96,465,744,-4,2,1
21,97,462,749,-3,5,1
21,98,463,751,1,2,1
21,99,449,758,-14,7,1
21,100,455,756,6,-2,1
21,101,446,761,-9,5,1
21,102,438,754,-8,-7,1
21,103,430,755,-8,1,1
21,104,432,755,2,0,1
21,105,440,757,8,2,1
21,106,433,756,-7,-1,1
21,107,432,756,-1,0,1
21,108,425,754,-7,-2,1
21,109,422,752,-3,-2,1
21,110,415,749,-7,-3,1
21,111,405,752,-10,3,1
21,112,409,752,4,0,1
21,113,409,732,0,-20,1
21,114,404,720,-5,-12,1
21,115,375,704,-29,-16,1
21,116,366,698,-9,-6,1
21,117,359,702,-7,4,1
21,118,358,710,-1,8,1
21,119,353,714,-5,4,1
22,0,107,705,0,0,1
22,1,108,704,1,-1,1
22,2,101,692,-7,-12,1
22,3,97,690,-4,-2,1
22,4,96,689,-1,-1,1
22,5,103,689,7,0,1
22,6,90,680,-13,-9,1
22,7,88,655,-2,-25,1
22,8,77,643,-11,-12,1
22,9,78,643,1,0,1
22,10,77,634,-1,-9,1
22,11,80,620,3,-14,1
22,12,83,621,3,1,1
22,13,76,617,-7,-4,1
22,14,74,608,-2,-9,1
22,15,72,598,-2,-10,1
22,16,74,586,2,-12,1
22,17,76,577,2,-9,1
22,18,69,574,-7,-3,1
22,19,68,561,-1,-13,1
22,20,70,557,2,-4,1
22,21,76,551,6,-6,1
22,22,72,548,-4,-3,1
22,23,76,536,4,-12,2
22,24,74,533,-2,-3,2
22,25,62,537,-12,4,1
22,26,71,527,9,-10,2
22,27,65,507,-6,-20,2
22,28,67,494,2,-13,2
22,29,64,486,-3,-8,2
22,30,66,478,2,-8,2
22,31,67,468,1,-10,2
22,32,68,463,1,-5,2
22,33,67,455,-1,-8,3
22,34,63,457,-4,2,3
22,35,65,444,2,-13,3
22,36,68,431,3,-13,3
22,37,79,419,11,-12,4
22,38,87,421,8,2,4
22,39,94,405,7,-16,4
22,40,97,395,3,-10,4
22,41,100,383,3,-12,4
22,42,97,382,-3,-1,4
22,43,98,373,1,-9,4
22,44,96,374,-2,1,4
22,45,94,367,-2,-7,4
22,46,95,359,1,-8,4
22,47,91,348,-4,-11,4
22,48,91,349,0,1,4
22,49,92,338,1,-11,4
22,50,96,326,4,-12,4
22,51,101,310,5,-16,4
22,52,100,300,-1,-10,4
22,53,98,292,-2,-8,4
22,54,102,277,4,-15,4
22,55,108,268,6,-9,4
22,56,114,287,6,19,4
22,57,125,294,11,7,4
22,58,131,293,6,-1,4
22,59,128,292,-3,-1,4
22,60,130,290,2,-2,4
22,61,137,290,7,0,4
22,62,145,292,8,2,4
22,63,144,289,-1,-3,4
22,64,138,295,-6,6,4
22,65,138,287,0,-8,4
22,66,138,286,0,-1,4
22,67,133,280,-5,-6,4
22,68,135,267,2,-13,4
22,69,140,264,5,-3,4
22,70,141,270,1,6,4
22,71,137,270,-4,0,4
22,72,137,263,0,-7,4
22,73,138,261,1,-2,4
22,74,142,252,4,-9,4
22,75,146,232,4,-20,4
22,76,145,229,-1,-3,4
22,77,145,219,0,-10,4
22,78,136,207,-9,-12,4
22,79,128,192,-8,-15,4
22,80,123,189,-5,-3,4
22,81,122,166,-1,-23,4
22,82,128,151,6,-15,4
22,83,142,144,14,-7,4
22,84,149,135,7,-9,4
22,85,154,125,5,-10,4
22,86,157,128,3,3,4
22,87,160,130,3,2,4
22,88,164,122,4,-8,4
22,89,161,117,-3,-5,4
22,90,160,116,-1,-1,4
22,91,156,113,-4,-3,4
22,92,156,111,0,-2,4
22,93,152,97,-4,-14,4
22,94,150,94,-2,-3,4
22,95,144,96,-6,2,4
22,96,143,92,-1,-4,4
22,97,138,89,-5,-3,4
22,98,131,83,-7,-6,4
22,99,129,78,-2,-5,4
22,100,115,58,-14,-20,4
22,101,123,73,8,15,4
22,102,120,68,-3,-5,4
22,103,115,56,-5,-12,4
22,104,105,41,-10,-15,4
22,105,99,23,-6,-18,4
22,106,96,12,-3,-11,4
22,107,95,8,-1,-4,4
22,108,95,6,0,-2,4
24,0,161,783,0,0,1
24,1,163,779,2,-4,1
24,2,167,784,4,5,1
24,3,173,787,6,3,1
24,4,174,789,1,2,1
24,5,174,793,0,4,1
24,6,175,791,1,-2,1
24,7,186,788,11,-3,1
24,8,186,779,0,-9,1
24,9,187,782,1,3,1
24,10,193,781,6,-1,1
24,11,197,774,4,-7,1
24,12,192,762,-5,-12,1
24,13,192,749,0,-13,1
24,14,185,740,-7,-9,1
24,15,175,749,-10,9,1
24,16,164,749,-11,0,1
24,17,151,757,-13,8,1
25,18,156,748,0,0,1
25,19,170,753,14,5,1
25,20,162,752,-8,-1,1
25,21,167,749,5,-3,1
25,22,175,747,8,-2,1
25,23,168,749,-7,2,1
25,24,177,746,9,-3,1
25,25,175,742,-2,-4,1
25,26,171,742,-4,0,1
25,27,176,737,5,-5,1
25,28,180,736,4,-1,1
25,29,177,736,-3,0,1
25,30,179,733,2,-3,1
25,31,178,731,-1,-2,1
25,32,168,724,-10,-7,1
25,33,164,720,-4,-4,1
25,34,161,710,-3,-10,1
25,35,161,707,0,-3,1
25,36,170,702,9,-5,1
25,37,178,701,8,-1,1
25,38,180,696,2,-5,1
25,39,178,700,-2,4,1
25,40,181,695,3,-5,1
25,41,177,698,-4,3,1
25,42,178,693,1,-5,1
25,43,177,700,-1,7,1
25,44,178,710,1,10,1
25,45,180,714,2,4,1
25,46,189,714,9,0,1
25,47,206,716,17,2,1
25,48,199,714,-7,-2,1
25,49,198,709,-1,-5,1
25,50,198,715,0,6,1
25,51,202,711,4,-4,1
25,52,206,704,4,-7,1
25,53,207,713,1,9,1
25,54,208,713,1,0,1
25,55,209,709,1,-4,1
25,56,223,714,14,5,1
25,57,232,709,9,-5,1
25,58,241,707,9,-2,1
25,59,239,688,-2,-19,1
25,60,242,680,3,-8,1
25,61,247,671,5,-9,1
25,62,258,661,11,-10,1
25,63,265,657,7,-4,1
25,64,273,624,8,-33,2
25,65,278,599,5,-25,2
25,66,280,615,2,16,2
25,67,279,604,-1,-11,2
25,68,284,592,5,-12,2
25,69,280,579,-4,-13,3
25,70,280,552,0,-27,3
25,71,271,545,-9,-7,3
25,72,250,498,-21,-47,3
25,73,246,477,-4,-21,4
25,74,245,468,-1,-9,4
25,75,243,463,-2,-5,4
25,76,232,459,-11,-4,4
25,77,217,463,-15,4,4
25,78,214,461,-3,-2,4
25,79,216,461,2,0,4
25,80,215,459,-1,-2,4
25,81,196,450,-19,-9,4
25,82,195,445,-1,-5,4
25,83,172,473,-23,28,3
25,84,156,475,-16,2,3
25,85,155,474,-1,-1,3
25,86,148,476,-7,2,3
25,87,135,474,-13,-2,3
25,88,124,470,-11,-4,3
25,89,129,469,5,-1,3
25,90,119,471,-10,2,3
25,91,109,463,-10,-8,3
25,92,98,417,-11,-46,4
25,93,79,397,-19,-20,4
25,94,75,378,-4,-19,4
25,95,73,366,-2,-12,4
25,96,76,334,3,-32,4
25,97,75,287,-1,-47,4
25,98,75,263,0,-24,4
25,99,71,242,-4,-21,4
25,100,78,238,7,-4,4
25,101,74,241,-4,3,4
25,102,76,235,2,-6,4
25,103,82,204,6,-31,4
25,104,80,181,-2,-23,4
25,105,82,173,2,-8,4
25,106,89,163,7,-10,4
25,107,99,149,10,-14,4
25,108,112,141,13,-8,4
25,109,121,139,9,-2,4
25,110,137,147,16,8,4
25,111,158,143,21,-4,4
25,112,186,139,28,-4,4
25,113,195,135,9,-4,4
25,114,200,134,5,-1,4
25,115,212,134,12,0,4
25,116,230,134,18,0,4
25,117,236,131,6,-3,4
25,118,237,122,1,-9,4
25,119,240,120,3,-2,4
26,0,53,626,0,0,1
26,1,61,618,8,-8,1
26,2,63,607,2,-11,1
26,3,56,593,-7,-14,1
26,4,66,585,10,-8,1
26,5,59,579,-7,-6,1
26,6,64,579,5,0,1
26,7,64,575,0,-4,1
26,8,60,577,-4,2,1
26,9,61,573,1,-4,1
26,10,59,571,-2,-2,1
27,0,57,655,0,0,1
27,1,62,603,5,-52,1
27,2,65,599,3,-4,1
27,3,67,590,2,-9,1
27,4,64,569,-3,-21,1
27,5,61,551,-3,-18,1
27,6,56,550,-5,-1,1
27,7,60,534,4,-16,2
27,8,64,479,4,-55,3
27,9,67,462,3,-17,3
27,10,66,454,-1,-8,3
27,11,65,460,-1,6,3
27,12,65,449,0,-11,3
27,13,65,443,0,-6,3
27,14,74,435,9,-8,3
27,15,80,405,6,-30,4
27,16,76,389,-4,-16,4
27,17,69,375,-7,-14,4
27,18,75,371,6,-4,4
27,19,76,359,1,-12,4
27,20,72,360,-4,1,4
27,21,72,338,0,-22,4
27,22,71,313,-1,-25,4
27,23,72,301,1,-12,4
27,24,75,284,3,-17,4
27,25,73,280,-2,-4,4
27,26,76,270,3,-10,4
27,27,78,247,2,-23,4
27,28,76,237,-2,-10,4
27,29,76,229,0,-8,4
27,30,76,222,0,-7,4
27,31,72,226,-4,4,4
27,32,72,223,0,-3,4
27,33,74,212,2,-11,4
27,34,83,196,9,-16,4
27,35,82,187,-1,-9,4
27,36,83,176,1,-11,4
27,37,85,175,2,-1,4
27,38,88,167,3,-8,4
27,39,96,156,8,-11,4
27,40,110,140,14,-16,4
27,41,96,122,-14,-18,4
27,42,93,121,-3,-1,4
27,43,87,113,-6,-8,4
27,44,90,95,3,-18,4
27,45,83,92,-7,-3,4
27,46,83,88,0,-4,4
27,47,86,84,3,-4,4
27,48,87,86,1,2,4
27,49,87,91,0,5,4
27,50,87,80,0,-11,4
27,51,86,62,-1,-18,4
27,52,83,47,-3,-15,4
27,53,79,45,-4,-2,4
27,54,82,47,3,2,4
27,55,85,38,3,-9,4
27,56,86,32,1,-6,4
27,57,91,27,5,-5,4
27,58,92,16,1,-11,4
27,59,95,5,3,-11,4
27,60,91,3,-4,-2,4
29,9,122,488,0,0,3
29,10,126,477,4,-11,3
29,11,126,482,0,5,3
29,12,124,483,-2,1,3
29,13,132,480,8,-3,3
29,14,137,476,5,-4,3
29,15,128,480,-9,4,3
29,16,125,483,-3,3,3
29,17,129,479,4,-4,3
29,18,131,473,2,-6,3
29,19,120,475,-11,2,3
29,20,121,467,1,-8,3
29,21,129,463,8,-4,3
29,22,121,460,-8,-3,3
29,23,118,454,-3,-6,3
29,24,113,453,-5,-1,3
29,25,108,444,-5,-9,3
29,26,114,440,6,-4,4
29,27,121,436,7,-4,4
29,28,116,437,-5,1,4
29,29,118,428,2,-9,4
29,30,111,417,-7,-11,4
29,31,115,405,4,-12,4
29,32,112,405,-3,0,4
29,33,105,409,-7,4,4
29,34,114,405,9,-4,4
29,35,114,405,0,0,4
29,36,110,404,-4,-1,4
29,37,114,401,4,-3,4
29,38,118,395,4,-6,4
29,39,133,396,15,1,4
29,40,152,402,19,6,4
29,41,154,405,2,3,4
29,42,157,400,3,-5,4
29,43,160,399,3,-1,4
29,44,160,392,0,-7,4
29,45,149,386,-11,-6,4
29,46,144,382,-5,-4,4
29,47,149,379,5,-3,4
29,48,135,366,-14,-13,4
29,49,125,362,-10,-4,4
29,50,114,365,-11,3,4
29,51,103,368,-11,3,4
29,52,99,363,-4,-5,4
